,precision,recall,f1-score,support
0,0.5555555555555556,0.5555555555555556,0.5555555555555556,18.0
1,0.2727272727272727,0.2727272727272727,0.2727272727272727,11.0
accuracy,0.4482758620689655,0.4482758620689655,0.4482758620689655,0.4482758620689655
macro avg,0.41414141414141414,0.41414141414141414,0.41414141414141414,29.0
weighted avg,0.4482758620689655,0.4482758620689655,0.4482758620689655,29.0
