,precision,recall,f1-score,support
0,0.9696969696969697,0.8311688311688312,0.8951048951048951,77.0
1,0.7346938775510204,0.9473684210526315,0.8275862068965517,38.0
accuracy,0.8695652173913043,0.8695652173913043,0.8695652173913043,0.8695652173913043
macro avg,0.852195423623995,0.8892686261107314,0.8613455510007234,115.0
weighted avg,0.8920437740313517,0.8695652173913043,0.8727943720447469,115.0
